,URL_ID,Positive Score,Negative Score,Polarity Score,Subjectivity Score,Average Sentence Length,Percentage of Complex Words,Fog Index,Complex Word Count,Average Syllable Count,Word Count,Average Word Length,Personal Pronoun Count
0,1,11,1,0.8333332638888947,0.03324099713783657,10.258064516129032,0.5062893081761006,4.305741529722053,161,2.8205128205128207,315,7.368253968253968,2
1,2,62,29,0.3626373586523367,0.08250226647098616,11.55952380952381,0.576725025746653,4.854499534108186,560,2.8512658227848102,971,7.497425334706488,4
2,3,43,24,0.2835820853196704,0.07338444679804551,13.01639344262295,0.6297229219143576,5.458446545814923,500,3.09846547314578,794,8.27455919395466,14
3,4,42,72,-0.26315789242843957,0.12709030086166076,14.017857142857142,0.6050955414012739,5.849181073703367,475,3.0273081924577374,784,8.131377551020408,5
4,5,25,8,0.5151514995408637,0.056218057825863615,11.955555555555556,0.5297397769516728,4.994118133002892,285,2.8660377358490567,538,7.691449814126394,7
5,6,90,27,0.5384615338593032,0.08164689456968116,13.242105263157894,0.6120826709062003,5.541675173625638,770,2.9894907033144706,1255,8.08207171314741,7
6,7,28,39,-0.1641791020271776,0.09115646246101161,10.507936507936508,0.5347432024169184,4.417071884141371,354,2.7419847328244273,662,7.469788519637462,2
7,8,35,9,0.5909090774793392,0.05843293484935865,12.173076923076923,0.6445497630331753,5.12705067444404,408,3.263681592039801,632,8.264240506329115,4
8,9,40,46,-0.0697674410492158,0.09930715923867534,12.112903225806452,0.6338215712383488,5.098689918817921,476,3.0553306342780027,750,8.249333333333333,3
9,10,64,66,-0.01538461526627219,0.12732615070780984,10.64367816091954,0.5874730021598272,4.492460465231747,544,2.934806629834254,923,8.008667388949078,9
10,11,65,18,0.5662650534184933,0.07685185178069272,13.472222222222221,0.6195876288659794,5.636723940435281,601,3.003171247357294,969,7.9112487100103195,3
11,12,80,22,0.5686274454056133,0.08846487416438431,12.370786516853933,0.6012715712988193,5.188823235261101,662,3.05032021957914,1101,7.736603088101726,3
12,13,43,13,0.5357142761479594,0.11522633721146844,15.96551724137931,0.6328293736501079,6.639338646011767,293,3.1145374449339207,463,7.928725701943844,4
13,14,26,27,-0.01886792417230332,0.06432038827145584,9.717948717948717,0.5356200527704486,4.101427508287666,406,2.76027397260274,756,7.296296296296297,4
14,15,38,27,0.16923076662721898,0.07065217383624764,13.841269841269842,0.5573394495412844,5.759443716324451,486,2.8109684947491247,870,7.491954022988506,7
15,16,38,27,0.16923076662721898,0.07065217383624764,13.841269841269842,0.5573394495412844,5.759443716324451,486,2.8109684947491247,870,7.491954022988506,7
16,17,48,12,0.5999999900000001,0.07025761115894893,11.318840579710145,0.5454545454545454,4.745718050065876,426,2.843421052631579,780,7.535897435897436,6
17,18,37,10,0.5744680728836581,0.05522914212076482,14.0,0.6018518518518519,5.840740740740741,455,2.957880434782609,754,7.7148541114058355,2
18,19,63,6,0.8260869445494646,0.059431524496613666,10.59,0.5561850802644004,4.4584740321057605,589,2.796190476190476,1053,7.557454890788224,5
19,20,13,0,0.9999999230769291,0.030732860447440048,13.344827586206897,0.5193798449612403,5.5456829724672545,201,2.8203125,387,7.4728682170542635,2
20,21,26,46,-0.27777777391975317,0.0886699506297168,13.454545454545455,0.5891891891891892,5.617493857493859,436,2.863760217983651,737,7.644504748982361,7
21,22,17,8,0.35999998560000057,0.06631299717158357,10.393939393939394,0.5247813411078717,4.367488294018907,180,2.8790560471976403,341,7.6627565982404695,5
22,23,35,14,0.4285714198250731,0.05072463762864944,13.220588235294118,0.5083426028921023,5.491572335274488,457,2.718066743383199,896,7.058035714285714,8
23,24,27,3,0.7999999733333342,0.05791505780325278,16.5,0.5606060606060606,6.824242424242425,259,2.871331828442438,461,7.429501084598699,2
24,25,24,11,0.37142856081632686,0.04527813706949788,16.477272727272727,0.4220689655172414,6.7597366771159875,306,2.536903039073806,725,6.655172413793103,5
25,26,28,14,0.3333333253968256,0.05526315782202216,12.481481481481481,0.5029673590504451,5.19377953621277,339,2.75625,673,7.1381872213967315,2
26,27,31,25,0.10714285522959188,0.06414662077417341,14.066666666666666,0.43483412322274884,5.800600315955767,367,2.5260545905707197,838,6.640811455847255,20
27,28,39,26,0.199999996923077,0.07584597424055312,14.941176470588236,0.5183727034120735,6.1838196696001235,395,2.8127544097693353,762,7.402887139107611,8
28,29,71,31,0.39215685890042296,0.07538802655181963,15.395061728395062,0.5637530072173216,6.383525894244954,703,2.838235294117647,1247,7.513231756214916,2
29,30,62,36,0.2653061197417743,0.10061601632380286,12.0,0.46283783783783783,4.985135135135136,411,2.581901489117984,883,6.867497168742922,7
30,31,70,37,0.30841121207092326,0.08901830275456048,12.55056179775281,0.5720680393912265,5.249051934857615,639,2.822944896115628,1112,7.518884892086331,3
31,32,68,22,0.5111111054320988,0.08982035919179605,11.459770114942529,0.4543630892678034,4.765653281684133,453,2.6261491317671095,992,6.8125,18
32,33,62,23,0.4588235240138409,0.07252559720774265,12.882352941176471,0.4712328767123288,5.34143432715552,516,2.6290018832391713,1087,7.042318307267709,13
33,34,49,22,0.38028168478476504,0.08114285705012245,13.474576271186441,0.4867924528301887,5.584547489606653,387,2.6305732484076434,790,7.139240506329114,19
34,35,31,12,0.44186045484045455,0.07072368409420447,10.84,0.4981549815498155,4.535261992619926,270,2.6849056603773587,538,7.243494423791821,8
35,37,42,13,0.5272727176859506,0.09769094121191663,13.1,0.46564885496183206,5.4262595419847335,244,2.5505836575875485,523,6.940726577437858,3
36,38,71,39,0.2909090882644628,0.07999999994181818,14.6,0.4923896499238965,6.036955859969559,647,2.689388071262587,1308,6.954128440366972,10
37,39,51,61,-0.08928571348852042,0.07881773393468139,11.682692307692308,0.4732510288065844,4.862377334599557,575,2.554726368159204,1208,6.995033112582782,2
38,40,41,20,0.34426228943832315,0.07159624404742225,13.576271186440678,0.5642946317103621,5.656226327260416,452,2.8845671267252198,798,7.681704260651629,9
39,41,35,28,0.11111110934744271,0.06716417903287401,11.246753246753247,0.4665127020785219,4.685306379532707,404,2.650717703349282,865,6.838150289017341,7
40,42,63,23,0.4651162736614387,0.09247311818013643,11.925,0.49266247379454925,4.96706498951782,470,2.674074074074074,951,7.090431125131441,33
41,43,69,21,0.5333333274074075,0.08450704217417178,11.68235294117647,0.500503524672709,4.873142586339672,497,2.749229188078109,990,7.196969696969697,12
42,44,30,0,0.9999999666666678,0.06224066377128493,16.653846153846153,0.5727482678983834,6.890637768697815,248,2.9626168224299065,433,7.71824480369515,1
43,45,85,39,0.3709677389438086,0.1290322579302474,88.91666666666667,0.45735707591377694,35.74960949703218,488,2.5526819923371646,1067,6.73008434864105,16
44,46,22,0,0.9999999545454565,0.03773584899187676,10.979591836734693,0.5613382899628253,4.616372050679007,302,2.8380414312617703,536,7.559701492537314,1
45,47,19,6,0.5199999792000009,0.0419463086544525,11.866666666666667,0.5805243445692884,4.9788764044943825,310,2.8969465648854964,534,7.938202247191011,1
46,48,5,3,0.24999996875000394,0.031128404548138505,21.727272727272727,0.5774058577405857,8.921871434005325,138,3.0,239,8.0,3
47,50,29,69,-0.4081632611411912,0.10051282040973045,14.564516129032258,0.5204872646733112,6.034001357482229,470,2.668552036199095,898,7.141425389755011,3
48,51,22,15,0.18918918407596802,0.06303236786536223,14.833333333333334,0.4887640449438202,6.128838951310862,261,2.7209302325581395,534,7.121722846441948,4
49,52,60,38,0.22448979362765517,0.08298052490856855,11.536842105263158,0.4698905109489051,4.802693046484826,515,2.6401480111008326,1091,7.03666361136572,10
50,53,44,3,0.8723404069714807,0.08719851560816602,10.16326530612245,0.5562248995983936,4.287796082288337,277,2.803680981595092,498,7.504016064257028,5
51,54,10,1,0.8181817438016598,0.028497409252597385,17.0,0.48179271708683474,6.992717086834734,172,2.764872521246459,357,7.215686274509804,1
52,55,27,7,0.5882352768166096,0.05422647519262125,14.948717948717949,0.4939965694682676,6.177085807274487,288,2.634446397188049,581,6.951807228915663,5
53,56,18,8,0.3846153698224858,0.05555555543684711,16.32,0.5220588235294118,6.736823529411765,213,2.94,407,7.54054054054054,2
54,57,20,8,0.4285714132653067,0.07887323921444157,10.125,0.5524691358024691,4.2709876543209875,179,2.987538940809969,321,7.838006230529595,1
55,58,10,0,0.99999990000001,0.038759689772249264,15.785714285714286,0.5972850678733032,6.553199741435036,132,3.114678899082569,221,8.212669683257918,3
56,59,28,37,-0.138461536331361,0.10483870950832466,9.474576271186441,0.4347048300536673,3.9637124404960433,243,2.58018018018018,552,6.8768115942028984,14
57,60,13,2,0.7333332844444478,0.057915057691447655,16.714285714285715,0.5512820512820513,6.906227106227107,129,2.9434782608695653,233,7.682403433476395,2
58,61,38,10,0.5833333211805558,0.08135593206549842,12.113636363636363,0.5966228893058161,5.084103701176872,318,3.005736137667304,533,7.806754221388368,1
59,62,6,7,-0.07692307100591762,0.055084745529301926,17.5,0.5523809523809524,7.220952380952382,116,2.970731707317073,208,7.8125,5
60,63,14,25,-0.2820512748191981,0.11711711676541406,13.375,0.4984423676012461,5.549376947040499,160,2.7886435331230284,312,7.461538461538462,6
61,64,31,46,-0.19480519227525725,0.06353135308289491,14.038461538461538,0.54337899543379,5.832736213558132,595,2.8400735294117645,1094,7.612431444241317,17
62,65,46,23,0.33333332850241554,0.06725146192275686,13.72,0.43537414965986393,5.662149659863946,448,2.5844155844155843,1021,6.797257590597454,19
63,66,38,26,0.18749999707031256,0.06066350705150378,12.986301369863014,0.4430379746835443,5.371735737818624,420,2.554712892741062,945,6.795767195767196,17
64,67,28,5,0.6969696758494038,0.05709342550675878,7.309859154929577,0.48940269749518306,3.119704740969904,254,2.6824457593688362,510,7.152941176470589,1
65,68,47,8,0.7090908961983474,0.06432748530488014,13.03225806451613,0.4715346534653465,5.401517087192591,381,2.5647798742138366,805,6.860869565217391,5
66,69,35,6,0.7073170559190962,0.10621761630513571,17.476190476190474,0.5258855585831063,7.200830413909433,193,2.8461538461538463,365,7.317808219178082,9
67,70,47,15,0.5161290239334029,0.054770317972817735,14.583333333333334,0.5171428571428571,6.040190476190477,543,2.756521739130435,1047,7.132760267430754,8
68,71,27,70,-0.44329896450207257,0.14119359513654497,8.64864864864865,0.4875,3.65445945945946,312,2.6446540880503147,634,7.037854889589905,12
69,72,67,22,0.5056179718469891,0.1138107415424415,9.125,0.40821917808219177,3.8132876712328767,298,2.4743411927877945,725,6.777931034482759,6
70,73,27,32,-0.08474576127549557,0.07722513078897235,13.980392156862745,0.39831697054698456,5.751483650963892,284,2.434593023255814,712,6.66432584269663,1
71,74,27,21,0.1249999973958334,0.05853658529446758,10.26388888888889,0.5250338294993234,4.315569087355285,388,2.782668500687758,735,7.487074829931973,7
72,75,26,73,-0.47474746995204575,0.14042553171570846,9.442857142857143,0.491679273827534,3.9738145666738713,325,2.6310975609756095,653,7.018376722817764,14
73,76,25,11,0.3888888780864201,0.06593406581330757,12.973684210526315,0.49290060851926976,5.3866339276182345,243,2.6357894736842105,492,7.085365853658536,6
74,77,13,6,0.36842103324099823,0.05740181251540238,19.4,0.5051546391752577,7.962061855670104,147,2.859154929577465,291,7.5395189003436425,1
75,78,30,17,0.2765957387958354,0.07605177981221395,20.107142857142858,0.4991119005328597,8.242501903070288,281,2.732368896925859,563,7.4014209591474245,1
76,79,26,29,-0.05454545355371903,0.06264236894915448,13.096774193548388,0.4876847290640394,5.433783569044971,396,2.631645569620253,808,7.082920792079208,6
77,80,39,11,0.5599999888000002,0.018288222378095017,9.015810276679842,0.40420868040333185,3.76800758283327,922,2.3997120921305184,2279,6.359368143922773,1
78,81,40,42,-0.02439024360499703,0.07414104875755781,11.954545454545455,0.5038022813688213,4.983339094365711,530,2.6553398058252426,1047,7.129894937917861,11
79,82,33,64,-0.3195876255712616,0.08508771922360725,15.477611940298507,0.5689488910318226,6.418624332532132,590,2.7958579881656807,1037,7.364513018322083,1
80,83,8,1,0.7777776913580343,0.03862660927628065,18.727272727272727,0.5485436893203883,7.710326566637247,113,3.055,205,7.84390243902439,3
81,84,33,4,0.7837837626004389,0.055306427421066624,14.547619047619047,0.4828150572831424,6.012173641960876,295,2.597315436241611,608,6.917763157894737,2
82,85,39,34,0.06849314974666919,0.06985645926329524,8.59016393442623,0.4685114503816794,3.6234701539231637,491,2.605009633911368,1038,7.052986512524085,6
83,86,57,15,0.5833333252314816,0.06282722507606699,11.844444444444445,0.49624765478424016,4.936276839691474,529,2.592911877394636,1062,7.002824858757062,6
84,87,35,33,0.02941176427335641,0.08695652162793284,14.431372549019608,0.4592391304347826,5.956244671781757,338,2.6258692628650904,731,7.042407660738714,4
85,88,21,44,-0.35384614840236694,0.052083333291599886,14.64102564102564,0.4903677758318739,6.052557366743006,560,2.7537593984962405,1142,7.169001751313485,2
86,89,21,40,-0.3114754047299114,0.08413793091843044,12.547169811320755,0.48872180451127817,5.2143566463328135,325,2.710526315789474,665,7.193984962406015,4
87,90,41,48,-0.07865168450953164,0.11111111097239562,10.078947368421053,0.4804177545691906,4.223746049196097,368,2.6202365308804203,761,6.9526938239159,28
88,91,29,27,0.03571428507653063,0.07843137243917175,17.829268292682926,0.4897400820793434,7.3276033499049085,358,2.6847222222222222,729,7.058984910836763,13
89,92,21,37,-0.2758620642092748,0.061702127593933905,12.666666666666666,0.4988038277511962,5.266188197767145,417,2.83984867591425,833,7.506602641056422,3
90,93,9,3,0.4999999583333368,0.04651162772669912,17.76923076923077,0.5324675324675324,7.3206793206793215,123,2.9684684684684686,230,7.582608695652174,3
91,94,37,49,-0.1395348820984316,0.10336538449114738,11.590909090909092,0.46143790849673205,4.82093879976233,353,2.549465240641711,761,6.885676741130092,12
92,95,13,24,-0.2972972892622354,0.06379310333828775,13.210526315789474,0.49203187250996017,5.4810232753197745,247,2.774468085106383,497,7.2354124748490944,5
93,96,33,54,-0.24137930757035278,0.10609756084622249,13.875,0.5070785070785071,5.752831402831403,394,2.743455497382199,777,7.343629343629344,3
94,97,26,34,-0.13333333111111115,0.08759124074804199,14.818181818181818,0.48466257668711654,6.121137757947574,316,2.619565217391304,651,6.987711213517665,6
95,98,6,0,0.9999998333333611,0.021897810139059087,25.333333333333332,0.5789473684210527,10.364912280701754,132,2.933333333333333,228,7.87280701754386,1
96,99,18,2,0.799999960000002,0.04237288126615915,12.823529411764707,0.44724770642201833,5.30831084727469,195,2.6363636363636362,433,7.062355658198614,3
97,100,34,52,-0.2093023231476474,0.12164073533006968,17.10810810810811,0.5197472353870458,7.051142137398063,329,2.7540453074433655,633,7.454976303317536,4
